provider_id,category,official_name,brand_name,operator_company,logo_url,website_url,contact_email,contact_phone,hq_address,municipality,state_or_region,country,postal_code,latitude,longitude,timezone,licensing_jurisdiction,primary_markets,contact_hours,social_links,games_offered,specialties,support_channels,notes,data_source,last_verified_utc
bellagio-las-vegas,physical,Bellagio Poker Room,Bellagio,MGM Resorts International,https://upload.wikimedia.org/wikipedia/commons/thumb/8/81/Bellagio_Hotel_and_Casino.svg/512px-Bellagio_Hotel_and_Casino.svg.png,https://bellagio.mgmresorts.com/en/casino/poker.html,pcohen@bellagioresort.com,+1-702-693-7291,"3600 S Las Vegas Blvd, Las Vegas, NV 89109",Las Vegas,Nevada,United States,89109,36.11306,-115.17639,America/Los_Angeles,Nevada Gaming Control Board,"Las Vegas metro, Regional poker travelers",24/7,https://www.instagram.com/bellagio|https://twitter.com/Bellagio,Cash NLHE; Cash LHE; Cash PLO; Daily tournaments (paused until Jul 26),High-limit Limit Hold'em and No-Limit Hold'em; call-ahead waitlist; nightly PLO bomb pots,"phone, email",Tournament relaunch July 26 with $300 PLO double board opener,bellagio.mgmresorts.com/en/casino/poker.html|bellagio.mgmresorts.com/map-directions|mapcarta.com/25278210,2026-01-01T18:00:00Z
aria-las-vegas,physical,ARIA Poker Room,ARIA Resort & Casino,MGM Resorts International,https://upload.wikimedia.org/wikipedia/commons/thumb/2/23/Aria_Resort_%26_Casino.svg/512px-Aria_Resort_%26_Casino.svg.png,https://aria.mgmresorts.com/en/casino/poker.html,PokerRoomRates@aria.com,+1-702-590-7232,"3730 S Las Vegas Blvd, Las Vegas, NV 89158",Las Vegas,Nevada,United States,89158,36.10754,-115.17668,America/Los_Angeles,Nevada Gaming Control Board,"Las Vegas metro, Regional poker travelers",24/7,https://www.instagram.com/arialv|https://twitter.com/arialv,Cash NLHE; Cash PLO; Mixed games; Daily tournaments,24-table room with Ivey Room high-limit area and BetMGM Championship,"phone, email",Hosts ARIA Poker Classic May 28–July 13 2025 and BetMGM Championship July 4 weekend,aria.mgmresorts.com/en/casino/poker.html|mapcarta.com/ChIJSx21Lp1DyIARBcluKKm9gE,2026-01-01T18:00:00Z
mgm-grand-las-vegas,physical,MGM Grand Poker Room,MGM Grand,MGM Resorts International,https://upload.wikimedia.org/wikipedia/en/thumb/b/b3/MGM_Grand_logo.svg/512px-MGM_Grand_logo.svg.png,https://mgmgrand.mgmresorts.com/en/casino/poker-tables.html,N/A,+1-702-891-7434,"3799 S Las Vegas Blvd, Las Vegas, NV 89109",Las Vegas,Nevada,United States,89109,36.10201,-115.16988,America/Los_Angeles,Nevada Gaming Control Board,"Las Vegas metro, Regional poker travelers",24/7,https://www.instagram.com/mgmgrand|https://twitter.com/MGMGrand,Cash NLHE; Cash LHE; Daily tournaments,"24/7 nonsmoking poker room dubbed $1/$2 NLH capital; 1/2–3/5 NLH buy-ins $100–$1,200",phone,"Four daily NLH tournaments (11 a.m., 3 p.m., 7 p.m., 11 p.m.) with $100–$300 buy-ins",mgmgrand.mgmresorts.com/en/casino/poker-tables.html|coordinatesfinder.com/usa/nevada/las-vegas/mgm-grand-las-vegas,2026-01-01T18:00:00Z
mandalay-bay-las-vegas,physical,Mandalay Bay Poker Room,Mandalay Bay Resort and Casino,MGM Resorts International,https://upload.wikimedia.org/wikipedia/commons/thumb/9/97/MandalayBayLogo.svg/512px-MandalayBayLogo.svg.png,https://mandalaybay.mgmresorts.com/en/casino/poker-tables.html,N/A,+1-702-632-7790,"3950 S Las Vegas Blvd, Las Vegas, NV 89119",Las Vegas,Nevada,United States,89119,36.09278,-115.17667,America/Los_Angeles,Nevada Gaming Control Board,"Las Vegas metro, Regional poker travelers",Wed–Mon 10 a.m.–4 a.m.,https://www.instagram.com/mandalaybay|https://twitter.com/MandalayBay,Cash NLHE; Limit Hold'em; Tournaments (on request),10-table room (Wed–Mon 10 a.m.–4 a.m.) offering jackpots up to $5/$10 blinds and group tournament hosting,phone,Schedule includes $100-to-$500 buy-in events and call-ahead signups; closed Tuesdays,mandalaybay.mgmresorts.com/en/casino/poker-tables.html|mapcarta.com/27150008,2026-01-01T18:00:00Z
venetian-las-vegas,physical,Venetian Poker Room,The Venetian Resort Las Vegas,Apollo Global Management (operator for The Venetian Las Vegas),https://upload.wikimedia.org/wikipedia/en/thumb/d/df/Venetian_Logo.svg/512px-Venetian_Logo.svg.png,https://www.venetianlasvegas.com/resort/casino/poker/promotions.html,N/A,+1-702-414-7657,"3325 S Las Vegas Blvd, Las Vegas, NV 89109",Las Vegas,Nevada,United States,89109,36.12227,-115.16681,America/Los_Angeles,Nevada Gaming Control Board,"Las Vegas metro, Regional poker travelers",24/7,https://www.instagram.com/venetianvegas|https://twitter.com/VenetianVegas,Cash NLHE; Cash PLO; Daily tournaments; Promotions such as high hands and freerolls,"Level 2 poker room with high-hand promos (“Take It or Risk It,” mystery envelopes) and hosted events",phone,Weekly $30k freeroll entry via 30 promo hours and ability to customize tournaments via concierge,venetianlasvegas.com/resort/casino/poker/promotions.html|worldcasinodirectory.com/casino/the-venetian-resort-hotel-casino-las-vegas#poker|mapcarta.com/27223406,2026-01-01T18:00:00Z
resorts-world-las-vegas,physical,Resorts World Las Vegas Poker Room,Resorts World Las Vegas,Genting Group,https://www.rwlasvegas.com/wp-content/uploads/2022/05/RWLV-masterbrand-logo-lasvegas-red.svg,https://www.rwlasvegas.com/casino/poker-room/,N/A,+1-702-676-7000,"3000 S Las Vegas Blvd, Las Vegas, NV 89109",Las Vegas,Nevada,United States,89109,36.13355,-115.15933,America/Los_Angeles,Nevada Gaming Control Board,"Las Vegas metro, Regional poker travelers",24/7,https://www.instagram.com/resortsworldlv|https://twitter.com/ResortsWorldLV,Cash NLHE; Cash PLO; Daily tournaments; Mixed games,"30-table room with VIP lounge, plush seating, high-limit service",phone,Hosts daily NLH/PLO mixed tournaments and features Waitlist via Bravo,rwlasvegas.com/casino/poker-room|mapcarta.com/27198660,2026-01-01T18:00:00Z
borgata-atlantic-city,physical,Borgata Poker Room,Borgata Hotel Casino & Spa,MGM Resorts International,https://upload.wikimedia.org/wikipedia/en/thumb/5/5a/Borgata_Hotel_Casino_and_Spa.svg/512px-Borgata_Hotel_Casino_and_Spa.svg.png,https://borgata.mgmresorts.com/en/casino/poker.html,N/A,+1-609-317-8257,"1 Borgata Way, Atlantic City, NJ 08401",Atlantic City,New Jersey,United States,08401,39.37786,-74.42832,America/New_York,New Jersey Division of Gaming Enforcement,"Atlantic City metro, Regional poker travelers",24/7,https://www.instagram.com/borgataac|https://twitter.com/BorgataAC,Cash NLHE; Cash LHE; Cash PLO; Daily tournaments; Major series (Borgata Poker Open),52-table room hosting WPT-caliber series with 24/7 action,phone,Winter Poker Open Jan 2–18 2026 with $8M guaranteed across 37 events,borgata.mgmresorts.com/en/casino/poker.html|worldcasinodirectory.com/poker-room/borgata-poker|coordinatesfinder.com/usa/new-jersey/atlantic-city/borgata-hotel-casino-spa,2026-01-01T18:00:00Z
foxwoods-mashantucket,physical,Foxwoods Poker Room,Foxwoods Resort Casino,Mashantucket Pequot Tribal Nation,https://foxwoods.com/sites/default/files/logo-white-tribal-seal-foxwoods.svg,https://www.foxwoods.com/game/poker/,N/A,+1-860-312-2151,"350 Trolley Line Blvd, Mashantucket, CT 06338",Mashantucket,Connecticut,United States,06338,41.47421,-71.95878,America/New_York,Mashantucket Pequot Gaming Commission,"Mashantucket metro, Regional poker travelers",Sun–Thu 8 a.m.–2 a.m.; Fri–Sat 8 a.m.–4 a.m.,https://www.instagram.com/foxwoods|https://twitter.com/FoxwoodsCT,Cash NLHE; Cash PLO; Limit Hold'em; Daily tournaments,"54-table modern room with HD video walls, kiosk check-in, weekend late hours",phone,Weekly $395/$135/$255 NLH tournaments plus tier multipliers,foxwoods.com/game/poker|mapcarta.com/26049226,2026-01-01T18:00:00Z
mohegan-sun-uncasville,physical,Mohegan Sun Poker Room,Mohegan Sun,Mohegan Tribal Gaming Authority,https://upload.wikimedia.org/wikipedia/en/thumb/a/a5/Mohegan_Sun.svg/512px-Mohegan_Sun.svg.png,https://mohegansun.com/playing/poker.html,N/A,+1-860-862-2638,"1 Mohegan Sun Blvd, Uncasville, CT 06382",Uncasville,Connecticut,United States,06382,41.48863,-72.09023,America/New_York,Mohegan Tribe / CT Department of Consumer Protection,"Uncasville metro, Regional poker travelers",9 a.m.–4 a.m. (extended weekends),https://www.instagram.com/mohegansun|https://twitter.com/MoheganSun,Cash NLHE; Cash LHE; Daily tournaments; Bounty events; Mixed games,33-table smoke-free room with progressive bad beat (quad fives qualifier),phone,Daily $160–$350 NLH/bounty tournaments and 7-game cash mix,mohegansun.com/playing/poker.html|mapcarta.com/23094554,2026-01-01T18:00:00Z
live-casino-maryland,physical,Live! Casino & Hotel Maryland Poker Room,Live! Casino & Hotel Maryland,The Cordish Companies,https://upload.wikimedia.org/wikipedia/en/0/09/Live%21_Casino_%26_Hotel_Logo.png,https://maryland.livecasinohotel.com/casino-and-gaming/poker,N/A,+1-443-445-2500,"7002 Arundel Mills Cir #7777, Hanover, MD 21076",Hanover,Maryland,United States,21076,39.15554,-76.72672,America/New_York,Maryland Lottery and Gaming Control Agency,"Hanover metro, Regional poker travelers",24/7,https://www.instagram.com/livecasinohotelmd|https://twitter.com/CasinoLiveMD,Cash NLHE; Cash PLO; Daily tournaments; High-limit games,"50-table 15,000 sq ft room with Poker Penthouse for high stakes and dedicated smoking patio",phone,Hosts PokerStars Open Maryland (Oct 19–26 2025) and offers comps + Bravo waitlists,maryland.livecasinohotel.com/casino-and-gaming/poker|mapcarta.com/28468806,2026-01-01T18:00:00Z
mgm-national-harbor,physical,MGM National Harbor Poker Room,MGM National Harbor,MGM Resorts International,https://upload.wikimedia.org/wikipedia/en/a/af/MGM_National_Harbor_logo.png,https://mgmnationalharbor.mgmresorts.com/en/casino/poker.html,N/A,+1-301-971-5600,"101 MGM National Ave, Oxon Hill, MD 20745",Oxon Hill,Maryland,United States,20745,38.79510,-77.01226,America/New_York,Maryland Lottery and Gaming Control Agency,"Oxon Hill metro, Regional poker travelers",24/7,https://www.instagram.com/mgmnationalharbor|https://twitter.com/MGMNatlHarbor,Cash NLHE; Cash PLO; Limit Hold'em; Daily tournaments,"53 tables with high-limit salon, 8-handed caps, and Potomac Winter Poker Open",phone,Potomac Winter Poker Open Feb 11–23 2026 (23 trophy events) and 24/7 operations,mgmnationalharbor.mgmresorts.com/en/casino/poker.html|mapcarta.com/27175130,2026-01-01T18:00:00Z
live-casino-philadelphia,physical,Live! Casino & Hotel Philadelphia Poker Room,Live! Casino & Hotel Philadelphia,The Cordish Companies,https://upload.wikimedia.org/wikipedia/en/0/09/Live%21_Casino_%26_Hotel_Logo.png,https://philadelphia.livecasinohotel.com/casino/table-games/poker,N/A,+1-267-682-7562,"900 Packer Ave, Philadelphia, PA 19148",Philadelphia,Pennsylvania,United States,19148,39.90798,-75.16851,America/New_York,Pennsylvania Gaming Control Board,"Philadelphia metro, Regional poker travelers",24/7,https://www.instagram.com/livecasinohotelphilly|https://twitter.com/LiveCasinoPHL,Cash NLHE; Cash PLO; Daily tournaments; Bounty events,29-table room with daily NLH schedule (morning/evening) and Stadium District location,phone,Frequent $20k-$50k guaranteed tournaments and comped parking for poker players,philadelphia.livecasinohotel.com/casino/table-games/poker|uscasinoadvantage.com/poker-rooms/pennsylvania/live-philadelphia|mapcarta.com/26753488,2026-01-01T18:00:00Z
rivers-casino-pittsburgh,physical,Rivers Casino Pittsburgh Poker Room,Rivers Casino Pittsburgh,Rush Street Gaming,https://upload.wikimedia.org/wikipedia/en/9/9b/Rivers_Casino_%28Pittsburgh%29_Logo.png,https://www.riverscasino.com/pittsburgh/casino/poker-room/,N/A,+1-412-566-4606,"777 Casino Dr, Pittsburgh, PA 15212",Pittsburgh,Pennsylvania,United States,15212,40.44732,-80.01373,America/New_York,Pennsylvania Gaming Control Board,"Pittsburgh metro, Regional poker travelers","Mon–Wed 10 a.m.–6 a.m., Thu 10 a.m.–Mon 6 a.m.",https://www.instagram.com/riverscasinopgh|https://twitter.com/RiversCasinoPGH,Cash NLHE; Cash PLO; Limit Hold'em; Daily tournaments,30-table room with varied hours (extended weekends) and weekly bounty events,phone,"Wednesday $160 bounty, Friday $125 NLH, plus standard 1/3 NLH $100–$300 buy-ins",riverscasino.com/pittsburgh/casino/poker-room|mapcarta.com/26781646,2026-01-01T18:00:00Z
mgm-grand-detroit,physical,MGM Grand Detroit Poker Room,MGM Grand Detroit,MGM Resorts International,https://upload.wikimedia.org/wikipedia/en/2/2c/MGM_Detroit_logo.jpg,https://mgmgranddetroit.mgmresorts.com/en/casino/poker-room.html,N/A,+1-313-465-1070,"1777 3rd Ave, Detroit, MI 48226",Detroit,Michigan,United States,48226,42.33252,-83.06179,America/Detroit,Michigan Gaming Control Board,"Detroit metro, Regional poker travelers",24/7,https://www.instagram.com/mgmgranddetroit|https://twitter.com/MGMGrandDetroit,Cash NLHE; Cash Limit Hold'em; Cash PLO,"24/7 poker floor near valet with high-hand promos ($200–$4,000) and $100k freeroll hours program",phone,Rewards include comped parking and November–January hours promo for freeroll entry,mgmgranddetroit.mgmresorts.com/en/casino/poker-room.html|mapcarta.com/23108194,2026-01-01T18:00:00Z
seminole-hard-rock-hollywood,physical,Seminole Hard Rock Hollywood Poker Room,Seminole Hard Rock Hotel & Casino Hollywood,Seminole Gaming,https://upload.wikimedia.org/wikipedia/en/2/2c/Seminole_Hard_Rock_Hotel_%26_Casino_Hollywood_Logo.jpg,https://www.seminolehardrockpokeropen.com/poker-room/,N/A,+1-954-585-5111,"1 Seminole Way, Hollywood, FL 33314",Hollywood,Florida,United States,33314,26.05182,-80.21038,America/New_York,Seminole Tribal Gaming Commission,"Hollywood metro, Regional poker travelers",24/7,https://www.instagram.com/seminolehardrockhollywood|https://twitter.com/HardRockHolly,Cash NLHE; Cash PLO; Limit Hold'em; Daily tournaments,"45-table, 24/7 room with Unity comps, onsite wiring, $5/$10+ NLH, PLO, and high-hand promos",phone,Hosts Seminole Hard Rock Poker Showdown and other WPT events,seminolehardrockpokeropen.com/poker-room|mapcarta.com/25680168,2026-01-01T18:00:00Z
seminole-hard-rock-tampa,physical,Seminole Hard Rock Tampa Poker Room,Seminole Hard Rock Hotel & Casino Tampa,Seminole Gaming,https://upload.wikimedia.org/wikipedia/en/0/08/Seminole_Hard_Rock_Hotel_and_Casino_Tampa_Logo.jpg,https://www.seminolehardrocktampa.com/casino/poker,N/A,+1-813-627-6650,"5223 Orient Rd, Tampa, FL 33610",Tampa,Florida,United States,33610,27.98221,-82.36447,America/New_York,Seminole Tribal Gaming Commission,"Tampa metro, Regional poker travelers",24/7,https://www.instagram.com/seminolehardrocktampa|https://twitter.com/SHRTampa,Cash NLHE; Cash PLO; Omaha Hi/Lo; Tournaments,"46-table smoke-free room with Wi-Fi, snack bar, 42 TVs, high-limit NLH up to $10/$10+",phone,Hosts WPT regional festivals and premium comps for poker hours,seminolehardrocktampa.com/casino/poker|mapcarta.com/26634766,2026-01-01T18:00:00Z
choctaw-durant,physical,Choctaw Casino & Resort Durant Poker Room,Choctaw Casino & Resort Durant,Choctaw Nation of Oklahoma,https://upload.wikimedia.org/wikipedia/en/f/fa/ChoctawCasinoResortlogo.png,https://www.choctawcasinos.com/durant/,N/A,+1-580-920-0160,"4216 S Hwy 69/75, Durant, OK 74701",Durant,Oklahoma,United States,74701,33.96277,-96.41417,America/Chicago,Choctaw Nation Gaming Commission,"Durant metro, Regional poker travelers",24/7,https://www.instagram.com/choctawcasinos|https://twitter.com/ChoctawCasinos,Cash NLHE; Cash PLO; Daily tournaments; WSOP Circuit events,"Sky Casino poker lounge with 30+ tables, Bravo waitlists, WSOP Circuit stop Jan 7–19 2026",phone,"Hosts Monster Stack, Gargantuan, $1,700 Main Event ($1M GTD)",choctawcasinos.com/durant|wsop.com/tournaments/2026-wsop-circuit-choctaw-durant|mapcarta.com/23529490,2026-01-01T18:00:00Z
winstar-thackerville,physical,WinStar Poker Room,WinStar World Casino & Resort,Chickasaw Nation,https://dkr2rmsityotp.cloudfront.net/wp-content/uploads/2025/01/winstar-logo.svg,https://www.winstar.com/blog/winstar-new-poker-room/,N/A,+1-866-946-7787,"777 Casino Ave, Thackerville, OK 73459",Thackerville,Oklahoma,United States,73459,33.79650,-97.14119,America/Chicago,Chickasaw Nation Office of the Gaming Commissioner,"Thackerville metro, Regional poker travelers",24/7,https://www.instagram.com/winstarworld|https://twitter.com/WinStarWorld,Cash NLHE; Cash PLO; Daily tournaments; Seasonal River Poker Series,"Newly renovated poker room with charging stations, tableside service, weekly tournaments",phone,"Weekly tournaments Mon–Fri 1 p.m./7 p.m., Sat 11 a.m., Sun 1 p.m.; hosts River Poker Series",winstar.com/blog/winstar-new-poker-room|mapcarta.com/25653110,2026-01-01T18:00:00Z
talking-stick-scottsdale,physical,The ARENA Poker Room at Talking Stick Resort,Talking Stick Resort,Salt River Pima-Maricopa Indian Community,https://upload.wikimedia.org/wikipedia/en/c/c7/Talking_Stick_Resort_Logo.jpg,https://www.talkingstickresort.com/phoenix-scottsdale-casino/poker/,N/A,+1-480-850-7734,"9800 Talking Stick Way, Scottsdale, AZ 85256",Scottsdale,Arizona,United States,85256,33.54023,-111.88663,America/Phoenix,Salt River Pima-Maricopa Gaming Commission,"Scottsdale metro, Regional poker travelers",24/7,https://www.instagram.com/talkingstickresort|https://twitter.com/TalkingStickAZ,Cash NLHE; Cash PLO; Mixed games; Daily tournaments,"69-table Arena Poker Room with 300-foot LED walls, 24/7 kitchen, 600+ annual tournaments",phone,Reopened Feb 8 2025 after expansion; hosts Arizona State Poker Championship,talkingstickresort.com/phoenix-scottsdale-casino/poker|mapcarta.com/24798306,2026-01-01T18:00:00Z
bicycle-casino,physical,Parkwest Bicycle Casino Poker Room,Parkwest Bicycle Casino,Parkwest Casinos,https://upload.wikimedia.org/wikipedia/en/thumb/b/be/Parkwest_Bicycle_Casino_logo.svg/512px-Parkwest_Bicycle_Casino_logo.svg.png,https://www.thebike.com/,N/A,+1-562-806-4646,"888 Bicycle Casino Dr, Bell Gardens, CA 90201",Bell Gardens,California,United States,90201,33.96463,-118.15325,America/Los_Angeles,California Gambling Control Commission,"Bell Gardens metro, Regional poker travelers",24/7,https://www.instagram.com/thebikecasino|https://twitter.com/TheBikeCasino,Cash NLHE; Cash LHE; Cash PLO; Mixed games; Daily tournaments,"~185 tables, Live at The Bike streaming, WPT Legends host",phone,Hosts WSOP Circuit Tournament of Champions & 18 events May 8–24 2025,thebike.com|pokernews.com/poker-rooms/bicycle-hotel-casino.htm|mapcarta.com/24668018,2026-01-01T18:00:00Z
wynn-las-vegas,physical,Wynn Las Vegas Poker Room,Wynn Las Vegas / Encore,Wynn Resorts,https://upload.wikimedia.org/wikipedia/en/c/c7/Wynn_Las_Vegas_Logo_2025.png,https://www.wynnlasvegas.com/casino/poker,N/A,+1-702-770-7654,"3131 Las Vegas Blvd S, Las Vegas, NV 89109",Las Vegas,Nevada,United States,89109,36.12630,-115.16282,America/Los_Angeles,Nevada Gaming Control Board,"Las Vegas metro, Regional poker travelers",24/7,https://www.instagram.com/wynnlasvegas|https://twitter.com/WynnLasVegas,Cash NLHE; Cash PLO; Daily tournaments; High-limit games,"28-table Encore poker room with USB charging, Ivey Room equivalents, Wynn Signature Series",phone,Wynn Signature Series Jan 5–19 2026 with 29 events and $400k GTD multi-day,wynnlasvegas.com/casino/poker|pokernews.com/poker-rooms/wynn-las-vegas.htm|mapcarta.com/27278336,2026-01-01T18:00:00Z
encore-boston-harbor,physical,Encore Boston Harbor Poker Room,Encore Boston Harbor,Wynn Resorts,https://upload.wikimedia.org/wikipedia/commons/6/6b/Encore_Boston_Harbor_Logo_2025.png,https://encorebostonharbor.com/casino/poker,N/A,+1-857-770-3090,"1 Broadway, Everett, MA 02149",Everett,Massachusetts,United States,02149,42.39524,-71.07686,America/New_York,Massachusetts Gaming Commission,"Everett metro, Regional poker travelers",24/7,https://www.instagram.com/encorebostonharbor|https://twitter.com/EncoreResortBH,Cash NLHE; Cash PLO; Limit games,"24-table Loft poker room with USB charging, shufflers, Poker Atlas remote sign-up",phone,"Offers $1/$3 to $10/$25 NLH and PLO, high-hand promos",encorebostonharbor.com/casino/poker|worldcasinodirectory.com/casino/wynn-boston-harbor-resort#poker|mapcarta.com/35122606,2026-01-01T18:00:00Z
caesars-palace-las-vegas,physical,Caesars Palace Poker Room,Caesars Palace,Caesars Entertainment,https://upload.wikimedia.org/wikipedia/en/thumb/9/9b/CaesarsPalacelogo.svg/512px-CaesarsPalacelogo.svg.png,https://www.caesars.com/caesars-palace/casino/poker,N/A,+1-702-731-7731,"3570 Las Vegas Blvd S, Las Vegas, NV 89109",Las Vegas,Nevada,United States,89109,36.11654,-115.17412,America/Los_Angeles,Nevada Gaming Control Board,"Las Vegas metro, Regional poker travelers",24/7,https://www.instagram.com/caesarspalace|https://twitter.com/CaesarsPalace,Cash NLHE; Limit Hold'em; Daily tournaments,16 tables with four $100 NLH tournaments daily and relocation near sportsbook,phone,"Daily tournaments at 10 a.m., 2 p.m., 6 p.m., 9 p.m. with $1k guarantees",caesars.com/caesars-palace/casino/poker|poker.org/inside-vegas/latest-news/caesars-palace-poker-room-on-the-move-to-a-new-old-spot-a6irF0V24hMS|mapcarta.com/27096436,2026-01-01T18:00:00Z
horseshoe-las-vegas,physical,Horseshoe Las Vegas Poker Room (WSOP Hall of Fame),Horseshoe Las Vegas,Caesars Entertainment,https://upload.wikimedia.org/wikipedia/en/f/fb/Horseshoe_Las_Vegas_logo.svg,https://www.caesars.com/horseshoe-las-vegas/casino/poker,N/A,+1-702-967-4402,"3645 Las Vegas Blvd S, Las Vegas, NV 89109",Las Vegas,Nevada,United States,89109,36.11404,-115.17133,America/Los_Angeles,Nevada Gaming Control Board,"Las Vegas metro, Regional poker travelers",24/7,https://www.instagram.com/horseshoelasvegas|https://twitter.com/HorseshoeVegas,Cash NLHE; Limit Hold'em,"18 tables, eight-handed NLH with daily tournaments six times a day and WSOP Circuit host",phone,"WSOP Circuit stop Mar 20–Apr 1 2025 with 18 rings and $1,700 Main ($750k GTD)",caesars.com/horseshoe-las-vegas/casino/poker|vegasadvantage.com/open-las-vegas-poker-rooms/ballys-poker-room|mapcarta.com/27243110,2026-01-01T18:00:00Z
commerce-casino,physical,Commerce Casino Poker Room,Commerce Casino & Hotel,Commerce Casino & Hotel,https://commercecasino.com/wp-content/themes/thecommerce/dist/images/icons/page-1.svg,https://www.commercecasino.com/poker/,N/A,+1-323-721-2100,"6131 Telegraph Rd, Commerce, CA 90040",Commerce,California,United States,90040,34.00868,-118.14874,America/Los_Angeles,California Gambling Control Commission,"Commerce metro, Regional poker travelers",24/7,https://www.instagram.com/commercecasino|https://twitter.com/CommerceCasino,Cash NLHE; Cash LHE; Cash PLO; Mixed games; Daily tournaments,"150+ tables, LAPC/WPT host, Live at the Bike streaming",phone,Hosting WSOP Tournament of Champions & Circuit May 8–24 2025 with $2M GTD Main Event,commercecasino.com/poker|pokernews.com/poker-rooms/commerce-casino.htm|mapcarta.com/24682202,2026-01-01T18:00:00Z
peppermill-reno,physical,Peppermill Resort Spa Casino Poker Room,Peppermill Resort Spa Casino,Peppermill Resorts,https://upload.wikimedia.org/wikipedia/commons/9/9d/Peppermill_Reno_casino_logo.png,https://www.peppermillreno.com/gaming/poker/,N/A,+1-775-689-7275,"2707 S Virginia St, Reno, NV 89502",Reno,Nevada,United States,89502,39.49962,-119.80208,America/Los_Angeles,Nevada Gaming Control Board,"Reno metro, Regional poker travelers",24/7,https://www.instagram.com/peppermillreno|https://twitter.com/PeppermillReno,Cash NLHE; Cash PLO; Dealer's choice variants; Daily tournaments,19-table room with mezzanine VIP area and themed tournaments ($135–$560),phone,Fall Poker Palooza Nov 7–17 2025 and special lineup (Mon/ Wed dealer's choice),peppermillreno.com/gaming/poker|mapcarta.com/24371050|studiopoker.live/signature-festival-2025-peppermill,2026-01-01T18:00:00Z
hard-rock-cincinnati,physical,Hard Rock Casino Cincinnati Poker Room,Hard Rock Casino Cincinnati,Seminole Hard Rock / Hard Rock International,https://upload.wikimedia.org/wikipedia/en/7/72/Hard_Rock_Casino_Cincinnati_Logo.png,https://uscasinoadvantage.com/poker-rooms/ohio/hard-rock-cincinnati/,N/A,+1-513-250-3153,"1000 Broadway St, Cincinnati, OH 45202",Cincinnati,Ohio,United States,45202,39.10903,-84.50477,America/New_York,Ohio Casino Control Commission,"Cincinnati metro, Regional poker travelers",24/7,https://www.instagram.com/hardrockcincy|https://twitter.com/HardRockCincy,Cash NLHE; Cash PLO; Daily tournaments; Bounty events,"30-table room with $1/$3 up to $5/$5 NLH/PLO, $200 Sunday majors, $400 monthly guarantees",phone,Frequent black-chip bounty events and comp dollars for hours played,uscasinoadvantage.com/poker-rooms/ohio/hard-rock-cincinnati|mapcarta.com/25539610,2026-01-01T18:00:00Z
harrahs-new-orleans,physical,Harrah's New Orleans WSOP Poker Room,Caesars New Orleans (Harrah's),Caesars Entertainment,https://upload.wikimedia.org/wikipedia/en/1/1e/Harrah%27s_logo.svg,https://www.caesars.com/harrahs-new-orleans/casino/poker,N/A,+1-504-533-6000,"228 Poydras St, New Orleans, LA 70130",New Orleans,Louisiana,United States,70130,29.94824,-90.06869,America/Chicago,Louisiana Gaming Control Board,"New Orleans metro, Regional poker travelers",Sun–Thu 10 a.m.–4 a.m.; Fri–Sat 10 a.m.–6 a.m.,https://www.instagram.com/caesarsnola|https://twitter.com/HarrahsNOLA,Cash NLHE; Cash PLO; Mixed games; Weekly tournaments,20-table room adjacent to Caesars sportsbook with WSOP-branded events,phone,Weekly tournaments Sun/Mon/Wed and WSOP Circuit returns during 2025 upgrade,caesars.com/harrahs-new-orleans/casino/poker|cdcgaming.com/caesars-updates-sportsbook-and-poker-room-at-harrahs-new-orleans-as-part-of-325-million-transformation|mapcarta.com/24057382,2026-01-01T18:00:00Z
hollywood-charles-town,physical,Hollywood Casino at Charles Town Races Poker Room,Hollywood Casino at Charles Town Races,PENN Entertainment,https://upload.wikimedia.org/wikipedia/en/4/44/Hollywood_Casino_Charles_Town_logo.svg,https://www.hollywoodcasinocharlestown.com/casino/poker,N/A,+1-304-724-4654,"750 Hollywood Dr, Charles Town, WV 25414",Charles Town,West Virginia,United States,25414,39.29292,-77.85869,America/New_York,West Virginia Lottery Commission,"Charles Town metro, Regional poker travelers",Wed–Thu 9 a.m.–3 a.m.; Fri–Sat 9 a.m.–6 a.m.; Sun 9 a.m.–3 a.m.; closed Mon–Tue,https://www.instagram.com/hollywoodcctr|https://twitter.com/HollywoodCCTR,Cash NLHE; Limit Hold'em; Omaha Hi/Lo,"17-table room with rotating promotions (Top Two hourly, jackpot ladders)",phone,"December promos include $1,000 NYE hot seats and Texas Hold'em jackpot ladders",hollywoodcasinocharlestown.com/casino/poker|mapcarta.com/22163528,2026-01-01T18:00:00Z
turning-stone-verona,physical,Turning Stone Poker Room,Turning Stone Resort Casino,Oneida Nation Enterprises,https://upload.wikimedia.org/wikipedia/en/6/6d/Turning_Stone_Resort_Casino_Logo.png,https://www.turningstone.com/gaming/poker-room,poker@turningstone.com,+1-315-361-8676,"5218 Patrick Rd, Verona, NY 13478",Verona,New York,United States,13478,43.10053,-75.58319,America/New_York,Oneida Indian Nation Gaming Commission,"Verona metro, Regional poker travelers",24/7,https://www.instagram.com/turningstone|https://twitter.com/TurningStone,Cash NLHE; Cash LHE; Daily tournaments; Bad beat jackpots,"32-table room with Bravo waitlists, chargers, complimentary Wi-Fi","phone, email",NYE Triple Stack Turbo ($180 NLH) and rolling high-hand giveaways eligible for Hold'em tables,turningstone.com/gaming/poker-room|mapcarta.com/26515829,2026-01-01T18:00:00Z
thunder-valley-lincoln,physical,Thunder Valley Casino Resort Poker Room,Thunder Valley Casino Resort,United Auburn Indian Community,https://upload.wikimedia.org/wikipedia/en/5/55/TVC_Vertical_Logo.jpg,https://thundervalleyresort.com/casino/poker,N/A,+1-916-408-9095,"1200 Athens Ave, Lincoln, CA 95648",Lincoln,California,United States,95648,38.90685,-121.30015,America/Los_Angeles,United Auburn Indian Community Tribal Gaming Agency,"Lincoln metro, Regional poker travelers",24/7,https://www.instagram.com/thundervalleycasino|https://twitter.com/Thunder_Valley,Cash NLHE; Cash PLO; Daily tournaments; WSOP Circuit events,"28-table room expandable to 48 with Thunder Jackpot tracker, hosts WPT/WSOPC/PAT/RunGood",phone,WSOP Circuit Jan 12–26 2026 and daily tournaments 9:30 a.m./5:30 p.m.,thundervalleyresort.com/casino/poker|mapcarta.com/24743388,2026-01-01T18:00:00Z
harrahs-cherokee,physical,Harrah's Cherokee Poker Room,Harrah's Cherokee Casino Resort,Caesars Entertainment,https://upload.wikimedia.org/wikipedia/en/1/1e/Harrah%27s_logo.svg,https://www.caesars.com/harrahs-cherokee/casino/poker,N/A,+1-828-497-8284,"777 Casino Dr, Cherokee, NC 28719",Cherokee,North Carolina,United States,28719,35.47779,-83.31288,America/New_York,Eastern Band of Cherokee Indians Gaming Commission,"Cherokee metro, Regional poker travelers",Weekdays 10 a.m.–6 a.m.; 24/7 during events,https://www.instagram.com/harrahscherokee|https://twitter.com/HarrahsCherokee,Cash NLHE; Cash PLO; Tournaments; Mystery bounties,24/7 during majors with eight-handed tables and WSOP Circuit host,phone,WSOP Circuit May 1–12 2025 (18 ring events) plus weekly $140/$80/$250 tournaments,caesars.com/harrahs-cherokee/casino/poker|wsop.com/news/wsop-circuit-players-return-to-harrahs-cherokee-casino-resort-in-north-carolina|mapcarta.com/21179576,2026-01-01T18:00:00Z
hard-rock-tulsa,physical,Hard Rock Tulsa Poker Room,Hard Rock Hotel & Casino Tulsa,Cherokee Nation Entertainment,https://upload.wikimedia.org/wikipedia/en/d/d8/Hard_Rock_Cafe_logo.svg,https://www.hardrockcasinotulsa.com/newsroom/tulsa-best-poker-room,N/A,+1-918-384-6113,"777 W Cherokee St, Catoosa, OK 74015",Catoosa,Oklahoma,United States,74015,36.16813,-95.80389,America/Chicago,Cherokee Nation Gaming Commission,"Catoosa metro, Regional poker travelers","Sun–Thu noon–3 a.m., Fri–Sat noon–4 a.m.",https://www.instagram.com/hardrocktulsa|https://twitter.com/HardRockTulsa,Cash NLHE; Short Deck; Omaha; Big O; Weekly tournaments,14-table non-smoking room with themed tournaments (Ultimate Freeze Out) and splash pots,phone,"Weekly $120 NLH Tue/Thu, first-Sunday $180 Ultimate Freeze Out, sports tie-in promotions",hardrockcasinotulsa.com/newsroom/tulsa-best-poker-room|mapcarta.com/22273946,2026-01-01T18:00:00Z
